Date	Sample_id	NGIcode	Station_id	Sample_name	Sample_parameter	Collection_time	Start_time	End _time	Filtering_time_total	Filtering_volume_(ml)	Sampling_depth_(m)	Pump	Full_name (SAMPLE_ID_STATION_ID_SAMPLE_NAME)	Notes	Station3	Depth_int	JoinKey	FinalKey	match_method	POC	CHL-A_VOL_mL	DIC	DOC	NO2+NO3_umol_L	NH4_umol_L	PO4_umol_L	SiO2_umol_L	DIST_SHORE_KM	NGI ID	Mreads	Reads
2023-06-22	ICE23_1	P34354_101		FILT_1	FILT	13:38:00	13:47:00	13:56:00	09:00:00	1000	0.0	B1	ICE23_1_Blank_FILT_1			0			none												
2023-06-22	ICE23_3	P34354_102	Blank	FILT_2	FILT	14:10:00	14:25:00	14:32:00	08:42:00	1000	0.0	B1	ICE23_3_Blank_FILT_2			0			none												
2023-06-22	ICE23_5	P34354_103	Blank	FILT_3	FILT	14:40:00	14:48:00	14:57:00	09:38:00	1000	0.0	B1	ICE23_5_Blank_FILT_3			0			none												
2023-06-23	ICE23_7	P34354_104	09	FILT_4	FILT	06:00:00	10:50:00	11:15:00	09:40:00	1000	0.0	B1	ICE23_7_09_FILT_4	SEDIMENT COLLECTED 06:30	9.0	0	ICE009	ICE009	exact		1000.0	2103.217639	86.6629749853854	2.66	0.7	0.25	2.48	1.458786169	P34354_104	72.53	72530000.0
2023-06-23	ICE23_8	P34354_105	09	FILT_5	FILT	06:00:00	10:50:00	11:11:00	06:00:00	1000	22.0	C2	ICE23_8_09_FILT_5		9.0	22	ICE009_022	ICE009_022	exact		1800.0	2170.020362	59.57856384682475	9.13	2.76	0.84	5.55	1.458786169	P34354_105	70.78	70780000.0
2023-06-23	ICE23_9	P34354_106	09	FILT_6	FILT	06:00:00	10:50:00	11:11:00	06:00:00	1000	80.0	C3	ICE23_9_09_FILT_6		9.0	80	ICE009_080	ICE009_080	exact		1300.0	2180.741534	59.59771717880053	8.54	2.3	0.7	3.16	1.458786169	P34354_106	68.92	68920000.0
2023-06-23	ICE23_10	P34354_107	09	FILT_7	FILT	06:00:00	10:50:00	11:11:00	06:00:00	1000	154.0	C4	ICE23_10_09_FILT_7		9.0	154	ICE009_154	ICE009_155	tolerance±1		1500.0	2195.395492	63.4895102867542	6.02	2.21	0.54	2.32	1.458786169	P34354_107	74.15	74150000.0
2023-06-23	ICE23_15	P34354_108	11	FILT_8	FILT	09:15:00	11:40:00	12:09:00	09:45:00	1000	0.0	B3	ICE23_15_11_FILT_8		11.0	0	ICE011	ICE011	exact		900.0	2093.305883	75.53841112594294	1.79	0.44	0.17	2.45	1.388089615	P34354_108	193.73	193730000.0
2023-06-23	ICE23_16	P34354_109	10	FILT_9	FILT	08:50:00	11:40:00	12:09:00	09:45:00	1000	0.0	B4	ICE23_16_10_FILT_9		10.0	0	ICE010	ICE010	exact		1350.0	2129.377119	62.95649841803902	2.22	0.48	0.21	1.99	1.582711173	P34354_109	77.32	77320000.0
2023-06-23	ICE23_17	P34354_110	11	FILT_10	FILT	09:30:00	11:40:00	12:09:00	10:10:00	1000	154.0	C1	ICE23_17_11_FILT_10		11.0	154	ICE011_154	ICE011_154	exact		1950.0	2195.652257	59.26082641323919	7.91	3.29	6.83	4.67	1.388089615			
2023-06-23	ICE23_18	P34354_111	11	FILT_11	FILT	09:30:00	11:40:00	12:09:00	10:10:00	1000	11.0	C2	ICE23_18_11_FILT_11		11.0	11	ICE011_011	ICE011_011	exact		1300.0	2163.772666	60.84577182940894	6.39	2.51	0.62	1.76	1.388089615	P34354_111	117.48	117480000.0
2023-06-23	ICE23_19	P34354_112	11	FILT_12	FILT	09:30:00	11:40:00	12:09:00	08:17:00	1000	80.0	C3	ICE23_19_11_FILT_12		11.0	80	ICE011_080	ICE011_080	exact		3150.0	2164.193683	57.92080137193285	9.96	3.06	0.8	2.74	1.388089615	P34354_112	79.77	79770000.0
2023-06-23	ICE23_25	P34354_113	12	FILT_13	FILT	11:40:00	19:20:00	19:47:00	11:00:00	1000	0.0	B1	ICE23_25_12_FILT_13		12.0	0	ICE012	ICE012	exact		2300.0	2120.395377	77.57454546437155	1.63	0.53	0.19	1.85	0.791061343	P34354_113	112.11	112110000.0
2023-06-23	ICE23_26	P34354_114	13	FILT_14	FILT	12:05:00	19:20:00	19:47:00	11:00:00	1000	0.0	B2	ICE23_26_13_FILT_14		13.0	0	ICE013	ICE013	exact		2000.0	2131.747247	73.91629842769099	2.24	0.84	0.21	1.8	1.401438354	P34354_114	117.19	117190000.0
2023-06-23	ICE23_27	P34354_115	14	FILT_15	FILT	12:33:00	19:20:00	19:47:00	11:00:00	1000	0.0	B3	ICE23_27_14_FILT_15		14.0	0	ICE014	ICE014	exact		2000.0	2124.661217	74.43785800813835	2.49	1.05	0.26	7.41	0.137216769	P34354_115	113.65	113650000.0
2023-06-23	ICE23_28	P34354_116	15	FILT_16	FILT		19:20:00	19:46:00	10:17:00	1000	0.0	C1	ICE23_28_15_FILT_16		15.0	0	ICE015	ICE015	exact		1350.0	2065.756856	78.46848487126424	1.57	0.73	0.21	9.34	0.228253002	P34354_116	93.47	93470000.0
2023-06-23	ICE23_29	P34354_117	16	FILT_17	FILT		19:20:00	19:46:00	10:17:00	1000	0.0	C2	ICE23_29_16_FILT_17		16.0	0	ICE016	ICE016	exact		2000.0	1927.091858	93.14755478817801	1.92	0.87	0.35	1.3	0.062259371	P34354_117	108.7	108700000.0
2023-06-23	ICE23_35	P34354_118	15	FILT_18	FILT		20:20:00	20:48:00	11:50:00	1000	65.0	C1	ICE23_35_15_FILT_18		15.0	65	ICE015_065	ICE015_065	exact		1350.0	2189.167866	60.84599873002765	5.0	2.97	0.58	2.16	0.228253002	P34354_118	78.57	78570000.0
2023-06-23	ICE23_36	P34354_119	15	FILT_19	FILT		20:20:00	20:48:00	11:50:00	1000	45.0	C2	ICE23_36_15_FILT_19		15.0	45	ICE015_045	ICE015_045	exact		2000.0	2168.968917	63.86270004341022	7.36	3.88	0.85	1.9	0.228253002	P34354_119	108.58	108580000.0
2023-06-23	ICE23_37	P34354_120	15	FILT_20	FILT		20:20:00	20:48:00	11:50:00	1000	21.0	C3	ICE23_37_15_FILT_20		15.0	21	ICE015_021	ICE015_020	tolerance±1		950.0	2152.937615	96.06130256223086	5.3	2.39	0.54	1.76	0.228253002	P34354_120	96.09	96090000.0
2023-06-23	ICE23_38	P34354_121	15	FILT_21	FILT		20:20:00	20:48:00	11:50:00	1000	10.0	C4	ICE23_38_15_FILT_21		15.0	10	ICE015_010	ICE015_010	exact		2000.0	2139.499943	62.03491990991144	3.99	1.66	0.39	1.84	0.228253002	P34354_121	110.97	110970000.0
2023-06-24	ICE23_43	P34354_122	25	FILT_22	FILT	03:55:00	04:25:00	04:46:00	10:50:00	1000	0.0	B1	ICE23_43_25_FILT_22		25.0	0	ICE025	ICE025	exact		2000.0	2105.056361	90.31785828430469	0.37	0.31	0.13	0.93	0.203459053	P34354_122	113.08	113080000.0
2023-06-24	ICE23_44	P34354_123	25	FILT_23	FILT	03:55:00	04:25:00	04:46:00	10:50:00	1000	65.0	B2	ICE23_44_25_FILT_23		25.0	65	ICE025_065	ICE025_065	exact		2000.0	2207.66573	68.61394397919635	13.17	4.62	1.2	2.69	0.203459053	P34354_123	64.51	64510000.00000001
2023-06-24	ICE23_47	P34354_124	26	FILT_24	FILT	08:00:00	08:10:00	08:40:00	11:30:00	1000	0.0	B3	ICE23_47_26_FILT_24		26.0	0	ICE026	ICE026	exact		800.0	2061.760027	94.06558099664028	0.97	< 0,30	0.22	2.17	0.708339685	P34354_124	106.69	106690000.0
2023-06-24	ICE23_49	P34354_125	27	FILT_25	FILT	08:55:00	09:00:00	09:30:00	10:09:00	1000	0.0	B1	ICE23_49_27_FILT_25		27.0	0	ICE027	ICE027	exact		1200.0	2043.525926	80.75885980936648	0.4	0.3	0.21	3.37	0.305971022	P34354_125	106.88	106880000.0
2023-06-24	ICE23_51	P34354_126	28	FILT_26	FILT	10:00:00	11:04:00	11:34:00	10:48:00	1000	0.0	B1	ICE23_51_28_FILT_26		28.0	0	ICE028	ICE028	exact		1500.0	2045.425666	84.28370857849252	0.33	< 0,30	0.14	2.55	0.687068352	P34354_126	110.2	110200000.0
2023-06-24	ICE23_52	P34354_127	28	FILT_27	FILT	10:30:00	11:04:00	11:31:00	09:47:00	1000	10.0	B2	ICE23_52_28_FILT_27		28.0	10	ICE028_010	ICE028_010	exact		1500.0	2135.143071	75.9449045738081	0.81	0.6	0.23	0.95	0.687068352	P34354_127	131.98	131979999.99999999
2023-06-24	ICE23_53	P34354_128	28	FILT_28	FILT	10:30:00	11:04:00	11:46:00	14:43:00	1000	22.0	B3	ICE23_53_28_FILT_28		28.0	22	ICE028_022	ICE028_022	exact		1360.0	2189.315815	81.485606950805	2.78	1.34	0.37	1.09	0.687068352	P34354_128	92.32	92320000.0
2023-06-24	ICE23_54	P34354_129	28	FILT_29	FILT	10:30:00	11:04:00	11:40:00	12:04:00	1000	48.0	B4	ICE23_54_28_FILT_29		28.0	48	ICE028_048	ICE028_048	exact		1350.0	2251.570793	69.88821432656164	10.17	4.19	0.71	2.39	0.687068352	P34354_129	196.32	196320000.0
2023-06-24	ICE23_59	P34354_130	28	FILT_30	FILT	10:30:00	0.5416666666666666	13:22:00	11:20:00	1000	1.0	B1	ICE23_59_28_FILT_30	0.5L PRE RINSE	28.0	1	ICE028_001	ICE028_001	exact		1200.0	2037.831142	74.66332439301429	0.28	< 0,30	0.11	5.28	0.687068352	P34354_130	111.11	111110000.0
2023-06-25	ICE23_61	P34354_131	29	FILT_31	FILT	02:55:00	03:07:00	03:31:00	10:03:00	600	0.0	B1	ICE23_61_29_FILT_31		29.0	0	ICE029	ICE029	exact		1350.0	2040.694984	87.35898004480153	0.79	< 0,30	0.1	1.2	6.343831261	P34354_131	106.5	106500000.0
2023-06-25	ICE23_62	P34354_132	30	FILT_32	FILT	03:07:00	03:15:00	03:40:00	14:10:00	1000	0.0	B2	ICE23_62_30_FILT_32		30.0	0	ICE030	ICE030	exact		1000.0	2033.950529	89.27705878555024	0.35	0.32	0.06	1.2	7.888111171	P34354_132	112.33	112330000.0
2023-06-25	ICE23_63	P34354_133	22	FILT_33	FILT	02:25:00	03:20:00	03:40:00	09:30:00	1000	5.0	B3	ICE23_63_22_FILT_33		22.0	5	ICE022_005	ICE022_005	none										P34354_133	84.01	84010000.0
2023-06-25	ICE23_64	P34354_134	22	FILT_34	FILT	02:25:00	03:20:00	03:40:00	09:30:00	1000	7.5	B4	ICE23_64_22_FILT_34		22.0	8	ICE022_008	ICE022_008	none										P34354_134	133.72	133720000.0
2023-06-25	ICE23_66	P34354_135	31	FILT_35	FILT	03:20:00	03:40:00	04:14:00	09:45:00	1000	0.0	B1	ICE23_66_31_FILT_35		31.0	0	ICE031	ICE031	exact		1200.0	2058.947483	89.66515638099514	0.48	0.46	0.17	0.85	11.64254535	P34354_135	115.67	115670000.0
2023-06-24	ICE23_68	P34354_136	22	FILT_36	FILT	02:25:00	03:45:00	04:18:00	10:06:00	1000	115.0	B2	ICE23_68_22_FILT_36		22.0	115	ICE022_115	ICE022_115	none										P34354_136	101.73	101730000.0
2023-06-25	ICE23_71	P34354_137	32	FILT_37	FILT	03:40:00	04:01:00	04:38:00	10:43:00	1000	0.0	B3	ICE23_71_32_FILT_37		32.0	0	ICE032	ICE032	exact		1300.0	2079.117748	93.46361966126187	0.41	0.3	0.15	0.88	15.88339728	P34354_137	107.07	107070000.0
2023-06-24	ICE23_72	P34354_138	25	FILT_38	FILT		04:01:00	04:33:00	09:28:00	1000	1.0	B4	ICE23_72_25_FILT_38		25.0	1	ICE025_001	ICE025_001	exact		1200.0	2114.354068	74.63610729544894	0.76	0.55	0.16	1.07	0.203459053	P34354_138	201.26	201260000.0
2023-06-25	ICE23_75	P34354_139	33	FILT_39	FILT	04:00:00	04:24:00	05:12:00	14:04:00	1000	0.0	B1	ICE23_75_33_FILT_39		33.0	0	ICE033	ICE033	exact		1250.0	2102.884023	89.68969572441311	0.3	< 0,30	0.05	0.77	19.81693594	P34354_139	112.91	112910000.0
2023-06-24	ICE23_76	P34354_140	25	FILT_40	FILT		04:29:00	05:06:00	12:50:00	1000	54.0	B2	ICE23_76_25_FILT_40		25.0	54	ICE025_054	ICE025_054	exact		1250.0	2183.786066	66.97487260517839	4.43	1.96	0.66	2.64	0.203459053	P34354_140	110.45	110450000.0
2023-06-24	ICE23_79	P34354_141	22	FILT_41	FILT	02:25:00	04:50:00	05:28:00	13:39:00	1000	30.0	B3	ICE23_79_22_FILT_41		22.0	30	ICE022_030	ICE022_030	none										P34354_141	105.68	105680000.0
2023-06-25	ICE23_80	P34354_142	34	FILT_42	FILT	04:50:00	04:50:00	05:28:00	13:39:00	1000	0.0	B4	ICE23_80_34_FILT_42		34.0	0	ICE034	ICE034	exact		1500.0	2101.739102	85.26600754906417	0.31	0.32	0.06	0.71	24.60905235	P34354_142	137.05	137050000.0
2023-06-25	ICE23_83	P34354_143	35	FILT_43	FILT	05:21:00	05:27:00	06:03:00	12:02:00	1000	0.0	B1	ICE23_83_35_FILT_43		35.0	0	ICE035	ICE035	exact		1500.0	2111.27676	84.34058930450668	0.32	< 0,30	0.11	0.7	29.55224859	P34354_143	107.64	107640000.0
2023-06-24	ICE23_84	P34354_144	25	FILT_44	FILT		05:27:00	06:03:00	12:02:00	1000	20.0	B2	ICE23_84_25_FILT_44		25.0	20	ICE025_020	ICE025_020	exact		1200.0	2156.497896	69.85392069538172	17.04	4.9	1.16	2.27	0.203459053	P34354_144	75.66	75660000.0
2023-06-24	ICE23_87	P34354_145	22	FILT_45	FILT		05:40:00	06:09:00	11:30:00	1000	15.0	B3	ICE23_87_22_FILT_45		22.0	15	ICE022_015	ICE022_015	none										P34354_145	111.43	111430000.0
2023-06-24	ICE23_88	P34354_146	25	FILT_46	FILT		05:40:00	06:09:00	11:30:00	1000	15.0	B4	ICE23_88_25_FILT_46		25.0	15	ICE025_015	ICE025_015	exact		800.0		72.09992967338975	3.91	1.14	0.51	2.13	0.203459053	P34354_146	129.16	129160000.0
2023-06-26	ICE23_93	P34354_147	38	FILT_47	FILT	15:55:00	19:04:00	19:26:00	09:57:00	1000	0.0	B1	ICE23_93_38_FILT_47		38.0	0	ICE038	ICE038	exact		1000.0	1566.812626	49.45413775000448	0.28	0.45	0.1	30.75	0.228572192	P34354_147	61.91	61910000.0
2023-06-26	ICE23_94	P34354_148	38	FILT_48	FILT	16:30:00	19:04:00	19:32:00	10:11:00	1000	3.0	B2	ICE23_94_38_FILT_48		38.0	3	ICE038_003	ICE038_003	exact		1500.0	1834.251666	64.13368359333674	0.33	0.33	0.12	28.3	0.228572192	P34354_148	84.29	84290000.0
2023-06-26	ICE23_95	P34354_149	38	FILT_49	FILT	16:30:00	19:04:00	19:32:00	10:11:00	1000	10.0	B3	ICE23_95_38_FILT_49		38.0	10	ICE038_010	ICE038_010	exact		1500.0	2027.96945	74.80559071387508	0.24	< 0,30	0.1	2.97	0.228572192	P34354_149	82.49	82490000.0
2023-06-26	ICE23_96	P34354_150	38	FILT_50	FILT	16:30:00	19:04:00	19:32:00	10:11:00	1000	18.0	B4	ICE23_96_38_FILT_50		38.0	18	ICE038_018	ICE038_018	exact		1000.0	2090.679866	76.08073168495608	0.23	0.48	0.1	2.13	0.228572192	P34354_150	135.01	135010000.0
2023-06-26	ICE23_101	P34354_151	38	FILT_51	FILT	16:30:00	19:52:00	20:08:00	03:51:00	400	1.0	B1	ICE23_101_38_FILT_51		38.0	1	ICE038_001	ICE038_001	exact		500.0	851.090075	63.30065162336214	0.64	0.33	0.13	82.9	0.228572192	P34354_151	76.5	76500000.0
2023-06-26	ICE23_102	P34354_152	38	FILT_52	FILT	16:30:00	19:52:00	20:21:00	09:29:00	1000	5.0	B2	ICE23_102_38_FILT_52		38.0	5	ICE038_005	ICE038_005	exact		1500.0	2018.144859	73.27616944674465	0.23	0.34	0.08	2.83	0.228572192	P34354_152	63.8	63800000.0
2023-06-26	ICE23_103	P34354_153	38	FILT_53	FILT	16:30:00	19:52:00	20:21:00	09:29:00	1000	21.0	B3	ICE23_103_38_FILT_53		38.0	21	ICE038_021	ICE038_021	exact		1000.0	2058.050785	61.39242549360144	0.17	0.36	0.08	2.61	0.228572192	P34354_153	73.43	73430000.0
2023-06-26	ICE23_107	P34354_154	36	FILT_54	FILT		20:35:00	21:04:00	12:26:00	1000	0.0	B1	ICE23_107_36_FILT_54		36.0	0	ICE036	ICE036	exact		1500.0	1991.28711	88.16568047636444	0.4	< 0,30	0.23	5.14	0.0394042	P34354_154	60.99	60990000.0
2023-06-26	ICE23_108	P34354_155	37	FILT_55	FILT		20:35:00	20:50:00	02:21:00	200	0.0	B2	ICE23_108_37_FILT_55		37.0	0	ICE037	ICE037	exact		1000.0	482.568131	69.41260847134944	1.88	0.61	0.66	134.2	0.003515333	P34354_155	115.09	115090000.0
2023-06-26	ICE23_111	P34354_156	39	FILT_56	FILT	12:00:00	12:10:00	12:40:00	08:04:00	400	0.0	B1	ICE23_111_39_FILT_56		39.0	0	ICE039	ICE039	exact		800.0	2104.936901	86.49986187894383	1.4	0.43	0.08	1.02	33.0411343	P34354_156	118.99	118990000.0
2023-06-26	ICE23_112	P34354_157	40	FILT_57	FILT	12:20:00	12:34:00	13:04:00	11:17:00	1000	0.0	B2	ICE23_112_40_FILT_57		40.0	0	ICE040	ICE040	exact		1100.0	2104.286314	88.84043530812954	0.95	0.38	0.09	0.67	28.26919838	P34354_157	109.51	109510000.0
2023-06-26	ICE23_113	P34354_158	40	FILT_58	FILT	12:30:00	12:55:00	13:21:00	09:17:00	1000	20.0	B1	ICE23_113_40_FILT_58		40.0	20	ICE040_020	ICE040_020	exact		1600.0	2108.039883	63.85382679938991	1.29	0.5	0.11	0.58	28.26919838	P34354_158	84.12	84120000.0
2023-06-26	ICE23_114	P34354_159	40	FILT_59	FILT	12:30:00	12:55:00	13:21:00	09:17:00	1000	95.0	B3	ICE23_114_40_FILT_59		40.0	95	ICE040_095	ICE040_095	exact		1650.0	2225.97262	59.4201612153225	14.94	0.86	1.1	6.67	28.26919838	P34354_159	104.53	104530000.0
2023-06-26	ICE23_119	P34354_160	41	FILT_60	FILT	12:55:00	12:59:00	13:42:00	12:40:00	1000	0.0	B4	ICE23_119_41_FILT_60		41.0	0	ICE041	ICE041	exact		1300.0	2075.116874	76.98511740044813	0.93	0.46	0.07	0.49	24.59067477	P34354_160	63.81	63810000.0
2023-06-26	ICE23_121	P34354_161	42	FILT_61	FILT	13:15:00	13:15:00	14:07:00	09:57:00	1000	0.0	B2	ICE23_121_42_FILT_61		42.0	0	ICE042	ICE042	exact		800.0	2068.930635	75.93276381261248	0.62	0.38	0.07	0.76	21.09998532	P34354_161	90.47	90470000.0
2023-06-26	ICE23_123	P34354_162	43	FILT_62	FILT	13:55:00	13:35:00	14:20:00	11:29:00	1000	0.0	B1	ICE23_123_43_FILT_62		43.0	0	ICE043	ICE043	exact		1200.0	2052.779803	73.20562411514118	0.41	0.41	0.06	0.82	15.6684298	P34354_162	109.56	109560000.0
2023-06-26	ICE23_125	P34354_163	43	FILT_63	FILT	13:50:00	13:56:00	14:26:00	13:27:00	1000	65.0	B3	ICE23_125_43_FILT_63		43.0	65	ICE043_065	ICE043_065	exact		1600.0	2234.044031	57.30021803212446	17.63	1.11	1.22	6.58	15.6684298	P34354_163	105.63	105630000.0
2023-06-26	ICE23_127	P34354_164	44	FILT_64	FILT	14:12:00	14:25:00	15:09:00	12:07:00	600	0.0	B2	ICE23_127_44_FILT_64		44.0	0	ICE044	ICE044	exact		1200.0	2051.693706	74.17667012859472	0.33	0.42	0.07	0.88	11.41099621	P34354_164	107.76	107760000.0
2023-06-26	ICE23_129	P34354_165	44	FILT_65	FILT	14:30:00	14:40:00	15:01:00	08:52:00	1000	60.0	B1	ICE23_129_44_FILT_65		44.0	60	ICE044_060	ICE044_060	exact		1200.0	2228.518452	60.05090648039976	25.71	1.57	1.77	5.34	11.41099621	P34354_165	101.42	101420000.0
2023-06-26	ICE23_131	P34354_166	45	FILT_66	FILT	14:50:00	15:17:00	15:50:00	12:10:00	900	0.0	B3	ICE23_131_45_FILT_66		45.0	0	ICE045	ICE045	exact		800.0	2030.749215	76.50586852529209	0.41	0.48	0.12	1.95	7.9311203	P34354_166	117.13	117130000.0
2023-06-26	ICE23_133	P34354_167	45	FILT_67	FILT	14:54:00	15:17:00	15:38:00	10:57:00	1000	17.0	B1	ICE23_133_45_FILT_67		45.0	17	ICE045_017	ICE045_017	exact		1200.0	2090.55848	65.24926528153435	0.91	0.59	0.11	0.71	7.9311203	P34354_167	126.7	126700000.0
2023-06-26	ICE23_134	P34354_168	45	FILT_68	FILT	14:54:00	15:17:00	15:38:00	10:57:00	1000	45.0	B2	ICE23_134_45_FILT_68		45.0	45	ICE045_045	ICE045_045	exact		1250.0	2234.387713	57.91522064207117	20.08	1.63	1.25	6.88	7.9311203	P34354_168	72.74	72740000.0
2023-06-26	ICE23_137	P34354_169	46	FILT_69	FILT	15:20:00	15:57:00	16:35:00	13:33:00	1000	0.0	B2	ICE23_137_46_FILT_69		46.0	0	ICE046	ICE046	exact		700.0	1837.766449	110.4276433804388	0.47	0.46	0.14	6.22	4.226566297	P34354_169	118.89	118890000.0
2023-06-26	ICE23_139	P34354_170	46	FILT_70	FILT	15:30:00	15:57:00	16:21:00	09:19:00	1000	30.0	B1	ICE23_139_46_FILT_70		46.0	30	ICE046_030	ICE046_030	exact		1000.0	2225.193989	61.58721387992249	10.48	1.73	0.79	4.59	4.226566297	P34354_170	114.55	114550000.0
2023-06-26	ICE23_141	P34354_171	47	FILT_71	FILT	16:00:00	16:34:00	16:59:00	12:09:00	1000	0.0	B3	ICE23_141_47_FILT_71		47.0	0	ICE047	ICE047	exact		400.0	1696.106038	65.05500696736223	1.13	0.62	0.2	10.48	2.711113694	P34354_171	109.74	109740000.0
2023-06-26	ICE23_142	P34354_172	47	FILT_72	FILT	16:00:00	16:34:00	16:59:00	12:09:00	1000	17.0	B4	ICE23_142_47_FILT_72		47.0	17	ICE047_017	ICE047_017	exact		800.0	2062.995939	66.60225751057173	0.56	0.62	0.12	0.89	2.711113694	P34354_172	120.17	120170000.0
2023-06-26	ICE23_145	P34354_173	48	FILT_73	FILT	18:46:00	18:50:00	19:14:00	13:12:00	1000	0.0	B1	ICE23_145_48_FILT_73		48.0	0	ICE048	ICE048	exact		1500.0	1813.713698	78.79969737662225	0.87	0.45	0.39	7.26	5.406228481	P34354_173	113.26	113260000.0
2023-06-26	ICE23_147	P34354_174	48	FILT_74	FILT	18:50:00	19:05:00	19:28:00	10:45:00	1000	23.0	B2	ICE23_147_48_FILT_74		48.0	23	ICE048_023	ICE048_023	exact		2000.0	2099.654432	67.64442761774052	2.41	0.83	0.25	0.35	5.406228481	P34354_174	112.04	112040000.0
2023-06-26	ICE23_149	P34354_175	49	FILT_75	FILT	19:21:00	19:25:00	19:52:00	10:36:00	1000	0.0	B1	ICE23_149_49_FILT_75		49.0	0	ICE049	ICE049	exact		1500.0	2111.5477	94.74987666263253	2.31	0.4	0.32	0.86	7.079221409	P34354_175	71.41	71410000.0
2023-06-26	ICE23_151	P34354_176	49	FILT_76	FILT	19:40:00	20:00:00	20:28:00	09:31:00	1000	18.0	B1	ICE23_151_49_FILT_76		49.0	18	ICE049_018	ICE049_018	exact		2000.0	2213.12362	67.18418237758586	18.36	0.61	1.14	3.72	7.079221409	P34354_176	109.09	109090000.0
2023-06-26	ICE23_153	P34354_177	49	FILT_77	FILT	19:40:00	19:48:00	20:15:00	10:37:00	1000	35.0	B2	ICE23_153_49_FILT_77		49.0	35	ICE049_035	ICE049_035	exact		2500.0	2239.463248	79.1893102245289	19.13	0.77	1.19	6.6	7.079221409	P34354_177	111.71	111710000.0
2023-06-26	ICE23_155	P34354_178	50	FILT_78	FILT	20:20:00	20:22:00	20:52:00	08:49:00	1000	0.0	B2	ICE23_155_50_FILT_78		50.0	0	ICE050	ICE050	exact		1800.0	2100.308805	86.11679788922686	1.67	0.86	2.41	0.71	13.50488709	P34354_178	69.0	69000000.0
2023-06-26	ICE23_157	P34354_179	50	FILT_79	FILT	20:30:00	20:35:00	21:08:00	10:05:00	1000	47.0	B1	ICE23_157_50_FILT_79		50.0	47	ICE050_047	ICE050_047	exact		1500.0	2224.835518	69.54083126880745	24.56	1.38	1.35	7.0	13.50488709	P34354_179	114.48	114480000.0
2023-06-26	ICE23_159	P34354_180	50	FILT_80	FILT	20:30:00	20:36:00	21:18:00	14:00:00	900	12.0	B3	ICE23_159_50_FILT_80		50.0	12	ICE050_012	ICE050_012	exact		2000.0	2148.326456	78.03695883663073	8.32	0.61	0.39	1.28	13.50488709	P34354_180	129.2	129199999.99999999
2023-06-26	ICE23_161	P34354_181	51	FILT_81	FILT	21:00:00	21:01:00	21:34:00	09:40:00	1000	0.0	B2	ICE23_161_51_FILT_81		51.0	0	ICE051	ICE051	exact		750.0	2119.78167	95.797185266575	3.99	0.83	0.28	2.35	17.43949024	P34354_181	132.3	132300000.00000001
2023-06-26	ICE23_163	P34354_182	51	FILT_82	FILT	21:10:00	21:31:00	21:57:00	09:40:00	1000	20.0	B1	ICE23_163_51_FILT_82		51.0	20	ICE051_020	ICE051_020	exact		2000.0	2201.293819	84.04601316194764	17.89	0.56	0.91	3.75	17.43949024	P34354_182	131.31	131310000.0
2023-06-26	ICE23_165	P34354_183	51	FILT_83	FILT	21:10:00	21:40:00	22:05:00	09:30:00	1000	80.0	B2	ICE23_165_51_FILT_83		51.0	80	ICE051_080	ICE051_080	exact		2000.0	2231.082241	72.56636976257323	18.91	0.49	1.14	6.4	17.43949024	P34354_183	115.54	115540000.0
2023-06-26	ICE23_167	P34354_184	52	FILT_84	FILT	21:40:00	21:40:00	22:14:00	10:34:00	1000	0.0	B3	ICE23_167_52_FILT_84		52.0	0	ICE052	ICE052	exact		1500.0	2113.135561	90.70895825483161	2.22	0.39	0.27	1.06	21.3420514	P34354_184	69.39	69390000.0
2023-06-26	ICE23_169	P34354_185	52	FILT_85	FILT	21:50:00	22:28:00	23:05:00	11:10:00	1000	24.0	B1	ICE23_169_52_FILT_85		52.0	24	ICE052_024	ICE052_024	exact		2200.0	2198.546975	97.78235701389849	10.91	0.56	0.82	3.6	21.3420514	P34354_185	63.3	63300000.0
2023-06-26	ICE23_171	P34354_186	52	FILT_86	FILT	21:50:00	22:28:00	22:55:00	10:39:00	1000	90.0	B2	ICE23_171_52_FILT_86		52.0	90	ICE052_090	ICE052_090	exact		2000.0	2235.722222	76.08146835151774	31.33	0.45	1.6	6.36	21.3420514	P34354_186	107.76	107760000.0
2023-06-26	ICE23_173	P34354_187	53	FILT_87	FILT	22:20:00	22:28:00	22:55:00	10:39:00	1000	0.0	B3	ICE23_173_53_FILT_87		53.0	0	ICE053	ICE053	exact		1500.0	2127.501352	81.57785339573441	4.01	0.38	0.24	1.02	25.62112824	P34354_187	134.25	134250000.0
2023-06-26	ICE23_175	P34354_188	53	FILT_88	FILT	22:39:00	23:11:00	23:40:00	09:57:00	1000	23.0	B2	ICE23_175_53_FILT_88		53.0	23	ICE053_023	ICE053_023	exact		1500.0	2197.13498		20.1	0.67	1.13	3.34	25.62112824	P34354_188	75.21	75210000.0
2023-06-26	ICE23_177	P34354_189	53	FILT_89	FILT	22:39:00	22:50:00	23:24:00	08:51:00	1000	93.0	B4	ICE23_177_53_FILT_89		53.0	93	ICE053_093	ICE053_093	exact		1500.0	2239.630482		17.65	0.31	0.97	6.64	25.62112824	P34354_189	103.27	103270000.0
2023-06-26	ICE23_179	P34354_190	54	FILT_90	FILT	23:11:00	23:13:00	23:49:00	10:05:00	1000	0.0	B1	ICE23_179_54_FILT_90		54.0	0	ICE054	ICE054	exact		2000.0	2128.871124	84.70832083440554	2.58	0.43	0.24	0.9	31.87906444	P34354_190	130.07	130070000.0
2023-06-26	ICE23_181	P34354_191	54	FILT_91	FILT	23:30:00	23:35:00	23:54:00	09:45:00	1000	25.0	B3	ICE23_181_54_FILT_91		54.0	25	ICE054_025	ICE054_025	exact		1000.0	2201.741475	81.53387274637339	9.21	0.45	1.09	3.03	31.87906444	P34354_191	63.76	63760000.0
2023-06-26	ICE23_183	P34354_192	54	FILT_92	FILT	23:30:00	23:35:00	00:07:00	11:54:00	1000	93.0	B4	ICE23_183_54_FILT_92		54.0	93	ICE054_093	ICE054_093	exact		1840.0	2236.776871	74.1895666279018	28.78	< 0,30	1.49	6.69	31.87906444	P34354_192	112.13	112130000.0
2023-06-26	ICE23_185	P34354_193	55	FILT_93	FILT	23:50:00	23:57:00	00:28:00	10:05:00	1000	0.0	B2	ICE23_185_55_FILT_93		55.0	0	ICE055	ICE055	exact		2000.0	2097.122362	64.06983462940069	0.37	0.37	0.15	0.6	37.34570811	P34354_193	140.53	140530000.0
2023-06-26	ICE23_187	P34354_194	55	FILT_94	FILT	23:58:00	00:20:00	00:40:00	10:35:00	1000	22.0	B1	ICE23_187_55_FILT_94		55.0	22	ICE055_022	ICE055_022	exact		1500.0	2164.98047	81.81030594780769	9.08	0.42	0.43	1.54	37.34570811	P34354_194	124.51	124510000.0
2023-06-26	ICE23_189	P34354_195	55	FILT_95	FILT	23:58:00	00:20:00	00:50:00	12:23:00	1000	100.0	B3	ICE23_189_55_FILT_95		55.0	100	ICE055_100	ICE055_100	exact		1500.0	2233.573288	82.20905216904657	32.42	0.43	1.69	6.54	37.34570811	P34354_195	81.78	81780000.0
2023-06-27	ICE23_191	P34354_196	56	FILT_96	FILT	01:50:00	02:00:00	02:35:00	12:47:00	1000	0.0	B1	ICE23_191_56_FILT_96		56.0	0	ICE056	ICE056	exact		1200.0	2129.578227	83.73286688090268	1.46	0.55	0.19	0.39	52.50176246	P34354_196	73.72	73720000.0
2023-06-27	ICE23_193	P34354_201	56	FILT_97	FILT	02:00:00	02:17:00	02:35:00	12:47:00	1000	180.0	B2	ICE23_193_56_FILT_97		56.0	180	ICE056_180	ICE056_180	exact		2000.0	2223.076554	83.11167576960482	0.93	0.33	0.14	5.78	52.50176246	P34354_201	85.13	85130000.0
2023-06-27	ICE23_195	P34354_202	57	FILT_98	FILT	02:33:00	02:56:00	03:19:00	10:04:00	1000	0.0	B1	ICE23_195_57_FILT_98		57.0	0	ICE057	ICE057	exact		1200.0	2131.786094	90.26269127283315	0.32	0.4	0.15	0.5	47.04400681	P34354_202	87.86	87860000.0
2023-06-27	ICE23_197	P34354_203	57	FILT_99	FILT	02:45:00	03:02:00	03:30:00	12:08:00	1000	160.0	B2	ICE23_197_57_FILT_99		57.0	160	ICE057_160	ICE057_160	exact		2000.0	2215.978032	78.05914746273493	20.59	0.41	1.08	5.81	47.04400681	P34354_203	84.34	84340000.0
2023-06-27	ICE23_199	P34354_204	58	FILT_100	FILT	03:17:00	03:20:00	03:55:00	10:37:00	1000	0.0	B1	ICE23_199_58_FILT_100		58.0	0	ICE058	ICE058	exact		1200.0	2131.763416	99.24564584956993	0.18	0.39	0.15	0.46	41.40804518	P34354_204	88.15	88150000.0
2023-06-27	ICE23_201	P34354_205	58	FILT_101	FILT	03:35:00	03:40:00	04:05:00	11:07:00	1000	150.0	B2	ICE23_201_58_FILT_101		58.0	150	ICE058_150	ICE058_150	exact		2000.0	2233.94874	55.58275652425181	20.93	0.61	1.15	6.04	41.40804518	P34354_205	76.59	76590000.0
2023-06-27	ICE23_203	P34354_206	59	FILT_102	FILT	04:00:00	04:10:00	04:30:00	09:30:00	1000	0.0	B1	ICE23_203_59_FILT_102		59.0	0	ICE059	ICE059	exact		1200.0	2123.566229	83.97929559335755	0.19	0.49	0.15	0.5	34.74678483	P34354_206	118.87	118870000.0
2023-06-27	ICE23_205	P34354_207	59	FILT_103	FILT	04:16:00	04:20:00	04:47:00	10:58:00	1000	160.0	B2	ICE23_205_59_FILT_103		59.0	160	ICE059_160	ICE059_160	exact		2000.0	2224.62102	86.12485364126593	25.1	0.37	1.38	5.95	34.74678483	P34354_207	86.63	86630000.0
2023-06-27	ICE23_207	P34354_208	60	FILT_104	FILT	04:39:00	04:44:00	05:12:00	10:58:00	1000	0.0	B1	ICE23_207_60_FILT_104		60.0	0	ICE060	ICE060	exact		1250.0	2124.938751	95.19884147307702	0.68	0.3	0.16	0.4	28.97617533	P34354_208	81.07	81070000.0
2023-06-27	ICE23_209	P34354_209	61	FILT_105	FILT	05:15:00	05:20:00	05:42:00	09:41:00	1000	0.0	B1	ICE23_209_61_FILT_105		61.0	0	ICE061	ICE061	exact		1600.0	2113.595188	99.80944212493269	0.24	< 0,30	0.07	0.31	22.2468014	P34354_209	88.23	88230000.0
2023-06-27	ICE23_211	P34354_210	61	FILT_106	FILT	05:25:00	05:31:00	05:53:00	08:56:00	1000	150.0	B2	ICE23_211_61_FILT_106		61.0	150	ICE061_150	ICE061_150	exact		2050.0	2230.216953	79.64432867612368	18.92	0.49	1.12	6.44	22.2468014	P34354_210	118.95	118950000.0
2023-06-27	ICE23_213	P34354_211	62	FILT_107	FILT	06:00:00	06:01:00	06:20:00	09:42:00	1000	0.0	B1	ICE23_213_62_FILT_107		62.0	0	ICE062	ICE062	exact		1200.0	2105.491275	174.5750926410979	0.17	< 0,30	0.08	0.29	14.95773385	P34354_211	88.28	88280000.0
2023-06-27	ICE23_215	P34354_212	63	FILT_108	FILT	06:20:00	06:30:00	06:51:00	10:24:00	1000	0.0	B1	ICE23_215_63_FILT_108		63.0	0	ICE063	ICE063	exact		1200.0	2102.716849	59.79556758182375	0.9	< 0,30	0.08	0.33	9.475818026	P34354_212	122.36	122360000.0
2023-06-27	ICE23_217	P34354_213	63	FILT_109	FILT	06:30:00	07:05:00	07:46:00	10:40:00	1000	15.0	B3	ICE23_217_63_FILT_109		63.0	15	ICE063_015	ICE063_015	exact		1600.0	2130.916205	78.58251235752375	3.26	0.76	0.26	0.75	9.475818026	P34354_213	125.31	125310000.0
2023-06-27	ICE23_219	P34354_214	63	FILT_110	FILT	06:30:00	07:05:00			1000	140.0	B2	ICE23_219_63_FILT_110		63.0	140	ICE063_140	ICE063_140	exact		1600.0	2226.717326	82.16575090760726	23.2	0.74	1.36	7.02	9.475818026	P34354_214	114.65	114650000.0
2023-06-27	ICE23_221	P34354_215	64	FILT_111	FILT	06:50:00	07:05:00	07:20:00		1000	0.0	B1	ICE23_221_64_FILT_111		64.0	0	ICE064	ICE064	exact		1200.0	2113.188856	67.92676275316707	2.89	0.52	0.15	0.56	4.915053521	P34354_215	88.16	88160000.0
2023-06-27	ICE23_223	P34354_216	65	FILT_112	FILT	07:30:00	08:33:00	09:01:00	14:28:00	1000	0.0	B1	ICE23_223_65_FILT_112		65.0	0	ICE065	ICE065	exact		800.0	1991.300953	78.6630342886697	0.58	0.42	0.13	2.65	2.142070405	P34354_216	118.9	118900000.0
2023-06-27	ICE23_225	P34354_217	65	FILT_113	FILT	07:40:00	08:33:00	08:53:00	09:44:00	1000	1.0	B2	ICE23_225_65_FILT_113		65.0	1	ICE065_001	ICE065_001	exact		1200.0	2003.333765	67.8764258381657	0.39	0.49	0.28	2.56	2.142070405	P34354_217	113.96	113960000.0
2023-06-27	ICE23_227	P34354_218	65	FILT_114	FILT	07:40:00	08:33:00	08:53:00	09:44:00	1000	8.0	B3	ICE23_227_65_FILT_114		65.0	8	ICE065_008	ICE065_008	exact		1200.0	2049.142706	87.28735026176855	0.93	0.66	0.31	1.64	2.142070405	P34354_218	125.95	125950000.0
2023-06-27	ICE23_229	P34354_219	65	FILT_115	FILT	07:40:00	08:59:00	09:25:00	10:37:00	1000	24.0	B2	ICE23_229_65_FILT_115		65.0	24	ICE065_024	ICE065_024	exact		1600.0	2102.80578	77.91430945094753	0.52	0.56	0.2	0.41	2.142070405	P34354_219	129.6	129600000.0
2023-06-27	ICE23_231	P34354_220	65	FILT_116	FILT	07:40:00	08:59:00	09:28:00	12:18:00	1000	45.0	B3	ICE23_231_65_FILT_116		65.0	45	ICE065_045	ICE065_045	exact		1600.0	2237.982854	86.2434849278488	1.05	0.65	0.2	0.52	2.142070405	P34354_220	80.47	80470000.0
2023-06-29	ICE23_233	P34354_221	66	FILT_117	FILT	17:40:00	17:50:00	18:18:00	11:29:00	1000	0.0	B1	ICE23_233_66_FILT_117		66.0	0	ICE066	ICE066	exact		400.0	1486.211295	72.8689603370021	2.2	0.63	0.32	7.44	2.076546872	P34354_221	122.18	122180000.0
2023-06-29	ICE23_235	P34354_222	66	FILT_118	FILT	17:40:00	17:50:00	18:18:00	11:29:00	1000	1.0	B2	ICE23_235_66_FILT_118		66.0	1	ICE066_001	ICE066_001	exact		400.0	1296.208747	63.43689142694155	6.17	0.66	0.55	21.86	2.076546872	P34354_222	114.11	114110000.0
2023-06-29	ICE23_237	P34354_223	66	FILT_119	FILT	17:40:00	17:50:00	18:13:00	09:47:00	1000	20.0	B3	ICE23_237_66_FILT_119		66.0	20	ICE066_020	ICE066_020	exact		1600.0	2184.252063	74.57766847288262	11.63	1.2	0.78	3.7	2.076546872	P34354_223	84.71	84710000.0
2023-06-29	ICE23_239	P34354_224	66	FILT_120	FILT	17:40:00	17:50:00	18:13:00	09:47:00	1000	36.0	B4	ICE23_239_66_FILT_120		66.0	36	ICE066_036	ICE066_036	exact		1200.0	2249.529661	61.56669497356082	17.0	2.5	1.16	7.96	2.076546872	P34354_224	111.08	111080000.0
2023-06-29	ICE23_241	P34354_225	67	FILT_121	FILT	18:55:00	19:04:00	19:26:00	11:25:00	1000	0.0	B1	ICE23_241_67_FILT_121		67.0	0	ICE067	ICE067	exact		900.0	1980.543829	68.20560190948218	1.48	0.57	0.28	9.58	2.124368112	P34354_225	76.53	76530000.0
2023-06-29	ICE23_243	P34354_226	67	FILT_122	FILT	18:55:00	19:04:00	19:33:00	14:55:00	900	1.0	B2	ICE23_243_67_FILT_122		67.0	1	ICE067_001	ICE067_001	exact		1000.0	1699.658044	83.80887582950882	1.76	0.57	0.35	10.55	2.124368112	P34354_226	76.47	76470000.0
2023-06-29	ICE23_245	P34354_227	67	FILT_123	FILT	18:55:00	19:04:00	19:26:00	11:25:00	1000	5.0	B3	ICE23_245_67_FILT_123		67.0	5	ICE067_005	ICE067_005	exact		950.0	2080.476706	65.09195761872019	2.06	0.77	0.33	1.85	2.124368112	P34354_227	114.36	114360000.0
2023-06-29	ICE23_247	P34354_228	67	FILT_124	FILT	18:55:00	19:04:00	19:23:00	09:38:00	1000	31.0	B4	ICE23_247_67_FILT_124		67.0	31	ICE067_031	ICE067_031	exact		1700.0	2237.883165	63.27064137969097	16.84	1.82	1.12	7.75	2.124368112	P34354_228	81.39	81390000.0
2023-06-29	ICE23_249	P34354_229	68	FILT_125	FILT	19:45:00	20:06:00	20:31:00	11:31:00	1000	0.0	B1	ICE23_249_68_FILT_125		68.0	0	ICE068	ICE068	exact		1000.0	1754.070556	79.28094869791171	0.96	0.55	0.4	7.57	2.243543592	P34354_229	117.6	117600000.0
2023-06-29	ICE23_251	P34354_230	68	FILT_126	FILT	19:50:00	20:06:00	20:25:00	07:45:00	500	1.0	B2	ICE23_251_68_FILT_126		68.0	1	ICE068_001	ICE068_001	exact		1000.0	1649.72712	57.42761990118611	1.21	0.46	0.42	12.97	2.243543592			
2023-06-29	ICE23_253	P34354_231	68	FILT_127	FILT	19:50:00	20:06:00	20:31:00	11:31:00	1000	33.0	B3	ICE23_253_68_FILT_127		68.0	33	ICE068_033	ICE068_033	exact		1500.0	2239.979295	65.67092143174361	14.28	1.56	1.52	7.51	2.243543592	P34354_231	111.51	111510000.0
2023-06-29	ICE23_255	P34354_232	69	FILT_128	FILT	20:22:00	20:40:00	21:07:00	11:32:00	1000	0.0	B1	ICE23_255_69_FILT_128		69.0	0	ICE069	ICE069	exact		1000.0	1964.246987	77.20606796306858	1.38	0.66	0.76	3.86	4.103445813	P34354_232	88.72	88720000.0
2023-06-29	ICE23_257	P34354_233	69	FILT_129	FILT	20:22:00	20:40:00	21:04:00	09:56:00	1000	76.0	B2	ICE23_257_69_FILT_129		69.0	76	ICE069_076	ICE069_076	exact		1900.0	2232.961591	58.6455574224996	14.96	1.56	1.52	7.65	4.103445813	P34354_233	71.21	71210000.0
2023-06-29	ICE23_259	P34354_234	70	FILT_130	FILT	20:45:00	21:12:00	21:44:00	12:35:00	1000	0.0	B1	ICE23_259_70_FILT_130		70.0	0	ICE070	ICE070	exact		1800.0	1903.209822	80.08416014062394	2.7	0.74	0.32	3.63	4.109847395	P34354_234	118.14	118140000.0
2023-06-29	ICE23_261	P34354_235	70	FILT_131	FILT	20:50:00	21:19:00	21:50:00	15:00:00	1000	1.0	B2	ICE23_261_70_FILT_131		70.0	1	ICE070_001	ICE070_001	exact		700.0	1414.918323	48.41597536951651	3.32	0.47	0.58	17.52	4.109847395	P34354_235	87.46	87460000.0
2023-06-29	ICE23_263	P34354_236	71	FILT_132	FILT	21:25:00	21:45:00	22:32:00	13:42:00	1000	0.0	B1	ICE23_263_71_FILT_132		71.0	0	ICE071	ICE071	exact		700.0	2107.611603	73.89034685027123	2.68	0.6	0.25	3.1	4.789582706	P34354_236	115.96	115960000.0
2023-06-29	ICE23_265	P34354_237	72	FILT_133	FILT	21:40:00	21:45:00	22:32:00	13:42:00	1000	0.0	B2	ICE23_265_72_FILT_133		72.0	0	ICE072	ICE072	exact		900.0	2021.659396	73.75671645084297	1.41	0.95	0.44	2.97	1.889737481	P34354_237	124.12	124120000.0
2023-06-29	ICE23_267	P34354_238	73	FILT_134	FILT	22:23:00	22:28:00	22:50:00	09:50:00	1000	0.0	B3	ICE23_267_73_FILT_134		73.0	0	ICE073	ICE073	exact		800.0	2077.883139	73.81196285413945	2.28	0.64	0.59	2.06	1.866309589	P34354_238	119.61	119610000.0
2023-06-29	ICE23_269	P34354_239	74	FILT_135	FILT	23:05:00	23:16:00	23:38:00	10:16:00	1000	0.0	B1	ICE23_269_74_FILT_135		74.0	0	ICE074	ICE074	exact		1500.0	2132.689499	75.71552764091624	2.72	0.53	0.31	1.08	6.393115425	P34354_239	121.28	121280000.0
2023-06-29	ICE23_271	P34354_240	75	FILT_136	FILT	23:32:00	23:37:00	00:01:00	11:50:00	600	0.0	B2	ICE23_271_75_FILT_136		75.0	0	ICE075	ICE075	exact		1000.0	2058.75659	107.9456910254743	2.24	0.54	3.83	2.96	6.255307681	P34354_240	87.19	87190000.0
2023-06-29	ICE23_273	P34354_241	76	FILT_137	FILT	02:36:00	03:00:00	03:38:00	11:07:00	1000	0.0	B1	ICE23_273_76_FILT_137		76.0	0	ICE076	ICE076	exact		800.0	2160.222764	80.31562987344357	6.63	0.64	0.54	4.34	2.813344414	P34354_241	103.9	103900000.0
2023-06-29	ICE23_275	P34354_242	76	FILT_138	FILT	02:45:00	03:00:00	03:40:00	11:41:00	1000	14.0	B2	ICE23_275_76_FILT_138		76.0	14	ICE076_014	ICE076_014	exact		1200.0	2173.139042	60.96617770129908	11.17	0.84	0.97	3.86	2.813344414	P34354_242	124.7	124700000.0
2023-06-30	ICE23_277	P34354_243	77	FILT_139	FILT	03:03:00	03:34:00	04:00:00	09:18:00	1000	0.0	B3	ICE23_277_77_FILT_139		77.0	0	ICE077	ICE077	exact		800.0	2144.958962	80.19140111791786	14.47	1.14	1.03	4.31	3.412936803	P34354_243	127.29	127290000.0
2023-06-30	ICE23_279	P34354_244	77	FILT_140	FILT	03:15:00	03:35:00	04:00:00	09:18:00	1000	11.0	B4	ICE23_279_77_FILT_140		77.0	11	ICE077_011	ICE077_011	exact		1600.0	2161.127534	77.64695641158407	10.59	0.84	0.79	3.42	3.412936803	P34354_244	119.65	119650000.0
2023-06-30	ICE23_281	P34354_245	77	FILT_141	FILT	03:15:00	03:55:00	04:23:00	10:46:00	1000	44.0	B2	ICE23_281_77_FILT_141		77.0	44	ICE077_044	ICE077_044	exact		1200.0	2174.062694	58.90193272115589	17.8	1.18	1.13	4.23	3.412936803	P34354_245	122.48	122480000.0
2023-06-30	ICE23_283	P34354_246	78	FILT_142	FILT	03:30:00	03:55:00	04:23:00	10:46:00	1000	0.0	B1	ICE23_283_78_FILT_142		78.0	0	ICE078	ICE078	exact		800.0	2136.179946	241.3879943878852	11.5	1.03	0.67	5.01	4.173696034	P34354_246	124.83	124830000.0
2023-06-30	ICE23_285	P34354_247	78	FILT_143	FILT	04:10:00	04:19:00	04:47:00	09:46:00	1000	73.0	B3	ICE23_285_78_FILT_143		78.0	73	ICE078_073	ICE078_073	exact		1600.0	2227.425868	61.65181309740385	22.24	0.62	1.3	7.04	4.173696034	P34354_247	117.45	117450000.0
2023-06-30	ICE23_287	P34354_248	78	FILT_144	FILT	04:10:00	04:37:00	05:02:00	12:18:00	1000	10.0	B2	ICE23_287_78_FILT_144		78.0	10	ICE078_010	ICE078_010	exact		1600.0	2149.362937	98.34933690586858	8.14	0.8	0.55	2.73	4.173696034	P34354_248	82.89	82890000.0
2023-06-30	ICE23_289	P34354_249	79	FILT_145	FILT	04:29:00	04:37:00	05:02:00	12:18:00	1000	0.0	B1	ICE23_289_79_FILT_145		79.0	0	ICE079	ICE079	exact		800.0	2122.503691	239.3532364916962	9.3	0.82	0.7	4.68	5.004939195	P34354_249	123.27	123270000.0
2023-06-30	ICE23_291	P34354_250	79	FILT_146	FILT	04:40:00	04:58:00	06:04:00	10:59:00	1000	23.0	B3	ICE23_291_79_FILT_146		79.0	23	ICE079_023	ICE079_023	exact		1200.0	2160.934679	101.5932190912345	10.6	0.84	0.64	2.49	5.004939195	P34354_250	121.22	121220000.0
2023-06-30	ICE23_293	P34354_251	79	FILT_147	FILT	04:40:00	04:58:00	06:04:00	10:59:00	1000	98.0	B4	ICE23_293_79_FILT_147		79.0	98	ICE079_098	ICE079_098	exact		1600.0	2227.227324	78.77473544412224	13.22	0.44	1.09	6.97	5.004939195	P34354_251	86.62	86620000.0
2023-06-30	ICE23_295	P34354_252	80	FILT_148	FILT		06:00:00	09:05:00	09:49:00	1000	0.0	B2	ICE23_295_80_FILT_148		80.0	0	ICE080	ICE080	exact		1200.0	2109.571637	91.67384142055228	7.21	0.63	0.5	3.6	6.732956835	P34354_252	84.83	84830000.0
2023-06-30	ICE23_297	P34354_253	80	FILT_149	FILT		06:00:00	09:05:00	09:49:00	1000	25.0	B1	ICE23_297_80_FILT_149		80.0	25	ICE080_025	ICE080_025	exact		1600.0	2173.207244	77.77218246685867	5.67	0.81	0.5	1.9	6.732956835	P34354_253	68.34	68340000.0
2023-06-30	ICE23_299	P34354_254	80	FILT_150	FILT		09:00:00	09:20:00	12:10:00	1000	115.0	B3	ICE23_299_80_FILT_150		80.0	115	ICE080_115	ICE080_115	exact		2400.0	2230.701258	74.11361892984806	37.0	0.62	2.07	7.93	6.732956835	P34354_254	119.03	119030000.0
2023-06-30	ICE23_300	P34354_255	81	FILT_151	FILT		09:00:00	09:31:00	13:38:00	900	0.0	B4	ICE23_300_81_FILT_151		81.0	0	ICE081	ICE081	exact		1450.0	2102.379134	115.0370484617566	6.21	0.58	0.29	2.95	9.283032229	P34354_255	116.23	116230000.0
2023-06-30	ICE23_301	P34354_256	81	FILT_152	FILT		09:23:00	09:51:00	10:52:00	1000	134.0	B1	ICE23_301_81_FILT_152		81.0	134	ICE081_134	ICE081_134	exact		1350.0	2230.359288	91.09263935005167	36.8	0.7	1.67	7.37	9.283032229	P34354_256	82.23	82230000.0
2023-06-30	ICE23_302	P34354_257	82	FILT_153	FILT		09:23:00	09:51:00	10:52:00	600	0.0	B2	ICE23_302_82_FILT_153		82.0	0	ICE082	ICE082	exact		1200.0	2104.567519	104.8908575446918	5.37	0.92	0.61	2.25	13.00458747	P34354_257	90.07	90070000.0
2023-06-30	ICE23_303	P34354_258	82	FILT_154	FILT		09:46:00	10:10:00	09:24:00	1000	145.0	B3	ICE23_303_82_FILT_154		82.0	145	ICE082_145	ICE082_145	exact		1610.0	2220.597199	75.10854727743835	22.45	0.72	1.49	7.07	13.00458747	P34354_258	81.24	81240000.0
2023-06-30	ICE23_304	P34354_259	83	FILT_155	FILT		09:46:00	10:10:00	09:24:00	900	83.0	B4	ICE23_304_83_FILT_155		83.0	83	ICE083_083	ICE083_083	none										P34354_259	82.7	82700000.0
2023-06-30	ICE23_305	P34354_260	84	FILT_156	FILT		10:05:00	10:15:00	10:30:00	1000	0.0	B1	ICE23_305_84_FILT_156		84.0	0	ICE084	ICE084	exact		1500.0	2148.608075	81.39572742991606	4.96	0.96	0.6	1.44	37.24398033	P34354_260	112.44	112440000.0
2023-06-30	ICE23_306	P34354_261	84	FILT_157	FILT		10:05:00	10:15:00	10:30:00	1000	284.0	B2	ICE23_306_84_FILT_157		84.0	284	ICE084_284	ICE084_284	exact		2500.0	2225.173684	62.91014165868476	38.8	0.98	2.48	7.15	37.24398033	P34354_261	80.64	80640000.0
2023-06-30	ICE23_308	P34354_262	85	FILT_158	FILT	10:29:00	10:35:00	10:54:00	10:57:00	1000	0.0	B3	ICE23_308_85_FILT_158		85.0	0	ICE085	ICE085	exact		800.0	2179.990338	79.13696659910379	7.64	0.67	0.3	2.48	59.98018274	P34354_262	90.86	90860000.0
2023-06-30	ICE23_310	P34354_263	85	FILT_159	FILT		15:10:00	15:36:00	15:17:00	1500	950.0	B1	ICE23_310_85_FILT_159		85.0	950	ICE085_950	ICE085_950	exact		2200.0	2233.310393	88.4401000252809	36.4	0.61	1.62	7.39	13.95701733	P34354_263	80.3	80300000.0
2023-06-30	ICE23_312	P34354_264	85	FILT_160	FILT		15:10:00	15:36:00	15:17:00	1500	200.0	B2	ICE23_312_85_FILT_160		85.0	200	ICE085_200	ICE085_200	exact		2400.0	2222.784697	64.69221927896176	17.57	0.51	1.08	5.73	31.19532631	P34354_264	79.02	79020000.0
2023-06-30	ICE23_313	P34354_265	87	FILT_161	FILT	15:51:00	15:56:00	16:16:00	09:38:00	1000	0.0	B1	ICE23_313_87_FILT_161		87.0	0	ICE087	ICE087	exact		1500.0	2117.462936	79.624628861624	3.98	0.56	0.32	2.54	7.137334482	P34354_265	86.65	86650000.0
2023-06-30	ICE23_315	P34354_266	88	FILT_162	FILT	17:04:00	17:08:00	17:27:00	09:40:00	1000	0.0	B1	ICE23_315_88_FILT_162		88.0	0	ICE088	ICE088	exact		1500.0	2111.877702	85.31291137159708	4.06	0.71	0.37	3.94	7.137334482	P34354_266	86.97	86970000.0
2023-06-30	ICE23_317	P34354_267	88	FILT_163	FILT	17:11:00	17:20:00	17:44:00	09:55:00	1000	30.0	B2	ICE23_317_88_FILT_163		88.0	30	ICE088_030	ICE088_030	exact		2500.0	2173.278265	78.76173972291774	10.88	1.07	0.7	3.18	5.088069059	P34354_267	131.08	131080000.00000001
2023-06-30	ICE23_319	P34354_268	89	FILT_164	FILT	17:40:00	21:07:00	21:34:00	10:59:00	1000	0.0	B1	ICE23_319_89_FILT_164		89.0	0	ICE089	ICE089	exact		1250.0	2043.994176	81.0112542353391	4.04	0.85	0.35	5.26	5.088069059	P34354_268	87.34	87340000.0
2023-06-30	ICE23_321	P34354_269	89	FILT_165	FILT		21:07:00	21:30:00	09:19:00	1000	30.0	B2	ICE23_321_89_FILT_165		89.0	30	ICE089_030	ICE089_030	exact		1500.0	2190.947575	62.90262652396831	17.57	1.7	1.12	3.11	3.965744396	P34354_269	90.2	90200000.0
2023-06-30	ICE23_323	P34354_270	90	FILT_166	FILT		21:07:00	21:34:00	10:59:00	1000	0.0	B3	ICE23_323_90_FILT_166		90.0	0	ICE090	ICE090	exact		1000.0	2011.128234	225.2362409820352	8.6	0.86	0.59	16.11	3.38532731	P34354_270	124.29	124290000.0
2023-06-30	ICE23_325	P34354_271	90	FILT_167	FILT		21:46:00	22:08:00	09:50:00	900	1.0	B1	ICE23_325_90_FILT_167		90.0	1	ICE090_001	ICE090_001	exact		1000.0	1939.312775	66.57503147040104	5.24	0.57	0.5	19.29	2.985543519	P34354_271	124.69	124690000.0
2023-06-30	ICE23_327	P34354_272	91	FILT_168	FILT		21:46:00	22:08:00	09:50:00	900	0.0	B2	ICE23_327_91_FILT_168		91.0	0	ICE091	ICE091	exact		1000.0	2052.222714	82.21862283139473	6.82	0.74	0.61	8.77	2.985543519	P34354_272	89.32	89320000.0
2023-06-30	ICE23_329	P34354_273	91	FILT_169	FILT		21:46:00	22:08:00	09:50:00	1000	8.0	B3	ICE23_329_91_FILT_169		91.0	8	ICE091_008	ICE091_008	exact		1000.0	2157.349945	66.05740633125242	12.74	1.69	0.84	2.32	7.137334482	P34354_273	86.27	86270000.0
2023-06-30	ICE23_331	P34354_274	92	FILT_170	FILT		22:31:00	22:56:00	12:23:00	900	0.0	B1	ICE23_331_92_FILT_170		92.0	0	ICE092	ICE092	exact		1000.0	2045.784182	86.92228931268578	5.42	0.63	1.27	10.82	5.088069059	P34354_274	127.27	127270000.0
2023-06-30	ICE23_333	P34354_275	92	FILT_171	FILT		22:31:00	22:56:00	09:31:00	1000	1.0	B2	ICE23_333_92_FILT_171		92.0	1	ICE092_001	ICE092_001	exact		1000.0	2111.677111	59.00460644905496	5.1	0.66	0.82	30.87	5.088069059	P34354_275	83.32	83320000.0
2023-06-30	ICE23_335	P34354_276	93	FILT_172	FILT		22:31:00	22:51:00	09:31:00	1000	0.0	B3	ICE23_335_93_FILT_172		93.0	0	ICE093	ICE093	exact		1000.0	2106.512883	112.7636818194712	3.81	0.55	2.49	4.06	3.965744396	P34354_276	89.69	89690000.0
2023-06-30	ICE23_337	P34354_277	94	FILT_173	FILT		23:08:00	23:34:00	12:44:00	1000	0.0	B1	ICE23_337_94_FILT_173		94.0	0	ICE094	ICE094	exact		1000.0	2038.860426	119.7367970773239	3.8	0.68	0.64	13.75	3.38532731	P34354_277	85.41	85410000.0
2023-06-30	ICE23_339	P34354_278	95	FILT_174	FILT		23:08:00	23:34:00	12:44:00	1000	0.0	B2	ICE23_339_95_FILT_174		95.0	0	ICE095	ICE095	exact		1000.0	2049.372585	89.77040241553199	5.79	1.03	1.39	7.87	2.985543519	P34354_278	116.23	116230000.0
2023-06-30	ICE23_341	P34354_279	95	FILT_175	FILT		23:08:00	23:26:00	07:34:00	400	1.0	B3	ICE23_341_95_FILT_175		95.0	1	ICE095_001	ICE095_001	exact		500.0	1524.974698	60.24008671902044	2.37	0.47	5.21	52.65	2.985543519	P34354_279	75.93	75930000.0
